{"stats":{"minecraft:custom":{"minecraft:time_since_rest":11451,"minecraft:interact_with_smithing_table":1,"minecraft:waystone_activated":1,"minecraft:crouch_one_cm":96,"minecraft:play_time":107952,"lootr:looted_stat":35,"minecraft:sprint_one_cm":12784,"minecraft:damage_taken":30,"minecraft:walk_one_cm":76160,"minecraft:sneak_time":91,"minecraft:drop":1,"minecraft:interact_with_lectern":3,"minecraft:jump":55,"minecraft:damage_dealt":30,"minecraft:leave_game":2,"minecraft:time_since_death":107952,"minecraft:sleep_in_bed":1,"minecraft:total_world_time":107952,"minecraft:climb_one_cm":2038,"minecraft:talked_to_villager":3,"minecraft:interact_with_crafting_table":1,"minecraft:interact_with_cartography_table":1,"minecraft:fall_one_cm":1089,"minecraft:fly_one_cm":8996},"minecraft:dropped":{"kubejs:rotation_mechanism":4},"minecraft:used":{"minecraft:end_rod":1,"minecraft:stone_sword":1,"minecraft:bread":3},"minecraft:picked_up":{"minecraft:stripped_jungle_log":1,"minecraft:wheat":9,"minecraft:jungle_log":1,"minecraft:wheat_seeds":22,"simplyswords:gold_greathammer":1,"kubejs:rotation_mechanism":1,"minecraft:end_rod":1,"minecraft:carrot":18},"minecraft:mined":{"minecraft:jungle_log":1,"minecraft:carrots":7,"minecraft:end_rod":2,"minecraft:stripped_jungle_log":1,"minecraft:wheat":9}},"DataVersion":3465}