{"stats":{"minecraft:picked_up":{"create_dd:raw_tin":1,"minecraft:crafting_table":3,"minecraft:wheat":9,"minecraft:jungle_log":1,"kubejs:rotation_mechanism":1,"minecraft:oak_log":5,"minecraft:string":6,"minecraft:wheat_seeds":22,"minecraft:enchanted_golden_apple":1,"minecraft:oak_planks":20,"minecraft:red_wool":6,"simplyswords:gold_greathammer":1,"minecraft:gravel":1,"simplyswords:diamond_longsword":1,"ars_elemental:yellow_archwood_log":2,"minecraft:carrot":20,"minecraft:stripped_jungle_log":1,"minecraft:rotten_flesh":6,"minecraft:end_rod":1,"minecraft:white_wool":5,"minecraft:cobblestone":27},"minecraft:dropped":{"ars_nouveau:archwood_planks":1,"simplyswords:diamond_longsword":1,"minecraft:oak_planks":20,"minecraft:red_wool":3,"kubejs:rotation_mechanism":36,"minecraft:flint":3,"minecraft:wooden_pickaxe":1,"ftbquests:book":1},"minecraft:killed_by":{"minecraft:husk":2},"minecraft:used":{"minecraft:water_bucket":1,"minecraft:end_rod":1,"minecraft:stone_sword":1,"minecraft:stone_pickaxe":26,"minecraft:wooden_pickaxe":3,"minecraft:torch":1,"simplyswords:gold_greathammer":1,"minecraft:crafting_table":4,"simplyswords:diamond_longsword":37,"minecraft:red_wool":3,"minecraft:bread":14,"minecraft:stone_axe":14,"minecraft:cobblestone":10,"minecraft:bucket":1},"minecraft:crafted":{"minecraft:oak_planks":5,"sophisticatedbackpacks:backpack":1,"ars_nouveau:archwood_planks":8,"minecraft:crafting_table":2,"minecraft:wooden_pickaxe":1,"forbidden_arcanus:rotten_leather":9,"minecraft:stone_axe":1,"minecraft:jungle_planks":1,"minecraft:bread":61,"minecraft:air":33,"minecraft:stick":8,"quark:oak_chest":1,"minecraft:stone_pickaxe":1,"minecraft:torch":2},"minecraft:mined":{"minecraft:red_wool":3,"minecraft:crafting_table":3,"minecraft:jungle_log":1,"minecraft:tall_grass":2,"minecraft:cobblestone":3,"ars_elemental:yellow_archwood_log":2,"minecraft:carrots":8,"minecraft:wheat":9,"minecraft:grass":2,"minecraft:oak_log":5,"minecraft:end_rod":2,"minecraft:gravel":1,"minecraft:stripped_jungle_log":1,"minecraft:stone":24,"minecraft:white_wool":6,"minecraft:oak_leaves":7,"create_dd:tin_ore":2},"minecraft:custom":{"minecraft:interact_with_smithing_table":1,"lootr:looted_stat":54,"minecraft:mob_kills":11,"minecraft:interact_with_crafting_table":13,"minecraft:interact_with_cartography_table":1,"minecraft:leave_game":3,"minecraft:time_since_death":12644,"minecraft:sleep_in_bed":1,"minecraft:climb_one_cm":4238,"minecraft:time_since_rest":12684,"minecraft:waystone_activated":2,"minecraft:sprint_one_cm":134930,"minecraft:damage_taken":905,"minecraft:walk_one_cm":247534,"minecraft:drop":10,"minecraft:damage_dealt":1852,"minecraft:swim_one_cm":27799,"minecraft:talked_to_villager":3,"minecraft:fly_one_cm":127458,"minecraft:crouch_one_cm":12569,"minecraft:play_time":166500,"tombstone:undead_killed":6,"minecraft:deaths":2,"minecraft:sneak_time":3564,"minecraft:walk_under_water_one_cm":4508,"minecraft:interact_with_lectern":3,"minecraft:jump":842,"minecraft:walk_on_water_one_cm":6342,"minecraft:total_world_time":166500,"minecraft:fall_one_cm":20186},"minecraft:killed":{"minecraft:husk":1,"born_in_chaos_v1:zombie_lumberjack":3,"born_in_chaos_v1:decrepit_skeleton":2,"born_in_chaos_v1:maggot":2,"creeperoverhaul:bamboo_creeper":2,"born_in_chaos_v1:corpse_fly":1}},"DataVersion":3465}