{"stats":{"minecraft:custom":{"minecraft:jump":9,"minecraft:time_since_rest":72024,"minecraft:damage_dealt":20,"minecraft:sprint_one_cm":2355,"minecraft:leave_game":2,"minecraft:play_time":72024,"minecraft:damage_taken":10,"minecraft:time_since_death":72024,"minecraft:walk_one_cm":7386,"minecraft:total_world_time":72024,"minecraft:interact_with_lectern":2,"minecraft:fly_one_cm":1170},"minecraft:used":{"minecraft:bread":2,"minecraft:end_rod":1,"minecraft:stone_sword":1},"minecraft:mined":{"minecraft:end_rod":2},"minecraft:picked_up":{"minecraft:end_rod":1}},"DataVersion":3465}