{"stats":{"minecraft:custom":{"minecraft:time_since_rest":23451,"minecraft:interact_with_smithing_table":1,"minecraft:waystone_activated":1,"lootr:looted_stat":42,"minecraft:sprint_one_cm":42271,"minecraft:damage_taken":185,"minecraft:walk_one_cm":117475,"minecraft:mob_kills":1,"minecraft:drop":4,"minecraft:damage_dealt":309,"minecraft:swim_one_cm":2151,"minecraft:interact_with_cartography_table":1,"minecraft:interact_with_crafting_table":5,"minecraft:talked_to_villager":3,"minecraft:fly_one_cm":46127,"minecraft:crouch_one_cm":1057,"minecraft:play_time":119952,"tombstone:undead_killed":1,"minecraft:sneak_time":295,"minecraft:walk_under_water_one_cm":145,"minecraft:interact_with_lectern":3,"minecraft:jump":245,"minecraft:walk_on_water_one_cm":771,"minecraft:leave_game":2,"minecraft:time_since_death":119952,"minecraft:sleep_in_bed":1,"minecraft:climb_one_cm":2038,"minecraft:total_world_time":119952,"minecraft:fall_one_cm":6002},"minecraft:dropped":{"ars_nouveau:archwood_planks":1,"minecraft:wooden_pickaxe":1,"kubejs:rotation_mechanism":4,"ftbquests:book":1},"minecraft:crafted":{"ars_nouveau:archwood_planks":8,"minecraft:crafting_table":1,"minecraft:stick":8,"minecraft:wooden_pickaxe":1,"minecraft:stone_pickaxe":1,"minecraft:stone_axe":1,"minecraft:bread":40,"minecraft:air":5,"minecraft:jungle_planks":1},"minecraft:used":{"minecraft:end_rod":1,"minecraft:stone_sword":1,"minecraft:bread":6,"minecraft:stone_pickaxe":19,"minecraft:wooden_pickaxe":3,"minecraft:stone_axe":1,"simplyswords:diamond_longsword":6,"minecraft:crafting_table":1},"minecraft:killed":{"born_in_chaos_v1:zombie_lumberjack":1},"minecraft:picked_up":{"create_dd:raw_tin":1,"minecraft:crafting_table":1,"minecraft:wheat":9,"minecraft:jungle_log":1,"simplyswords:gold_greathammer":1,"kubejs:rotation_mechanism":1,"ars_elemental:yellow_archwood_log":2,"minecraft:carrot":20,"minecraft:stripped_jungle_log":1,"minecraft:rotten_flesh":2,"minecraft:wheat_seeds":22,"minecraft:end_rod":1,"minecraft:enchanted_golden_apple":1,"minecraft:cobblestone":20},"minecraft:mined":{"minecraft:carrots":8,"minecraft:wheat":9,"minecraft:crafting_table":1,"minecraft:jungle_log":1,"minecraft:end_rod":2,"minecraft:stripped_jungle_log":1,"minecraft:stone":20,"ars_elemental:yellow_archwood_log":2,"create_dd:tin_ore":2}},"DataVersion":3465}