{"stats":{"minecraft:custom":{"minecraft:jump":39,"minecraft:time_since_rest":95952,"lootr:looted_stat":4,"minecraft:crouch_one_cm":96,"minecraft:damage_dealt":20,"minecraft:leave_game":2,"minecraft:sprint_one_cm":9209,"minecraft:play_time":95952,"minecraft:damage_taken":30,"minecraft:time_since_death":95952,"minecraft:walk_one_cm":25400,"minecraft:sneak_time":17,"minecraft:total_world_time":95952,"minecraft:fall_one_cm":1089,"minecraft:interact_with_lectern":3,"minecraft:fly_one_cm":8087},"minecraft:used":{"minecraft:bread":2,"minecraft:end_rod":1,"minecraft:stone_sword":1},"minecraft:picked_up":{"minecraft:end_rod":1,"simplyswords:gold_greathammer":1},"minecraft:mined":{"minecraft:end_rod":2}},"DataVersion":3465}