{"stats":{"minecraft:custom":{"minecraft:time_since_rest":34473,"minecraft:interact_with_smithing_table":1,"minecraft:waystone_activated":2,"lootr:looted_stat":42,"minecraft:sprint_one_cm":73079,"minecraft:damage_taken":255,"minecraft:walk_one_cm":167228,"minecraft:mob_kills":2,"minecraft:drop":5,"minecraft:damage_dealt":459,"minecraft:swim_one_cm":10983,"minecraft:interact_with_cartography_table":1,"minecraft:interact_with_crafting_table":5,"minecraft:talked_to_villager":3,"minecraft:fly_one_cm":82710,"minecraft:crouch_one_cm":5636,"minecraft:play_time":130974,"tombstone:undead_killed":1,"minecraft:sneak_time":1403,"minecraft:walk_under_water_one_cm":1932,"minecraft:interact_with_lectern":3,"minecraft:jump":548,"minecraft:walk_on_water_one_cm":2929,"minecraft:leave_game":2,"minecraft:time_since_death":130974,"minecraft:sleep_in_bed":1,"minecraft:climb_one_cm":3660,"minecraft:total_world_time":130974,"minecraft:fall_one_cm":13429},"minecraft:dropped":{"ars_nouveau:archwood_planks":1,"simplyswords:diamond_longsword":1,"minecraft:wooden_pickaxe":1,"kubejs:rotation_mechanism":4,"ftbquests:book":1},"minecraft:crafted":{"ars_nouveau:archwood_planks":8,"minecraft:crafting_table":1,"minecraft:stick":8,"minecraft:wooden_pickaxe":1,"minecraft:stone_pickaxe":1,"minecraft:stone_axe":1,"minecraft:bread":40,"minecraft:air":5,"minecraft:jungle_planks":1},"minecraft:used":{"minecraft:end_rod":1,"minecraft:stone_sword":1,"minecraft:bread":8,"minecraft:stone_pickaxe":19,"minecraft:wooden_pickaxe":3,"minecraft:stone_axe":12,"simplyswords:diamond_longsword":9,"minecraft:crafting_table":1},"minecraft:killed":{"born_in_chaos_v1:zombie_lumberjack":1,"creeperoverhaul:bamboo_creeper":1},"minecraft:picked_up":{"create_dd:raw_tin":1,"minecraft:crafting_table":1,"minecraft:wheat":9,"minecraft:jungle_log":1,"simplyswords:gold_greathammer":1,"kubejs:rotation_mechanism":1,"minecraft:oak_log":5,"simplyswords:diamond_longsword":1,"ars_elemental:yellow_archwood_log":2,"minecraft:carrot":20,"minecraft:stripped_jungle_log":1,"minecraft:rotten_flesh":2,"minecraft:wheat_seeds":22,"minecraft:end_rod":1,"minecraft:enchanted_golden_apple":1,"minecraft:cobblestone":20},"minecraft:mined":{"minecraft:carrots":8,"minecraft:wheat":9,"minecraft:crafting_table":1,"minecraft:oak_log":5,"minecraft:jungle_log":1,"minecraft:end_rod":2,"minecraft:stripped_jungle_log":1,"minecraft:tall_grass":2,"minecraft:stone":20,"ars_elemental:yellow_archwood_log":2,"minecraft:oak_leaves":7,"create_dd:tin_ore":2}},"DataVersion":3465}