{"stats":{"minecraft:custom":{"minecraft:jump":19,"minecraft:time_since_rest":8116,"minecraft:leave_game":2,"minecraft:play_time":8116,"minecraft:sprint_one_cm":845,"minecraft:time_since_death":8116,"minecraft:walk_on_water_one_cm":240,"minecraft:walk_one_cm":7183,"minecraft:sneak_time":2,"minecraft:total_world_time":8116,"minecraft:walk_under_water_one_cm":343,"minecraft:swim_one_cm":1138,"minecraft:fall_one_cm":476,"minecraft:fly_one_cm":81739},"minecraft:mined":{"minecraft:grass":1,"minecraft:grass_block":5,"minecraft:oak_leaves":2},"minecraft:used":{"minecraft:dirt":5,"minecraft:grass":2,"minecraft:grass_block":47},"minecraft:picked_up":{"minecraft:dirt":5}},"DataVersion":3465}