{"stats":{"minecraft:picked_up":{"minecraft:rotten_flesh":1,"minecraft:dirt":5},"minecraft:custom":{"minecraft:jump":24,"minecraft:time_since_rest":14126,"minecraft:leave_game":3,"minecraft:play_time":14126,"minecraft:sprint_one_cm":845,"minecraft:time_since_death":14126,"minecraft:walk_on_water_one_cm":240,"minecraft:walk_one_cm":10999,"minecraft:sneak_time":2,"minecraft:total_world_time":14126,"minecraft:walk_under_water_one_cm":343,"minecraft:swim_one_cm":1138,"minecraft:fall_one_cm":476,"minecraft:fly_one_cm":83258},"minecraft:mined":{"minecraft:grass":1,"minecraft:grass_block":5,"minecraft:oak_leaves":2},"minecraft:used":{"minecraft:dirt":5,"securitycraft:secure_redstone_interface":10,"minecraft:grass":2,"minecraft:grass_block":115}},"DataVersion":3465}