{"stats":{"minecraft:dropped":{"minecraft:iron_ingot":2,"minecraft:stick":2,"minecraft:yellow_dye":1,"minecraft:iron_chestplate":1,"minecraft:iron_leggings":1,"minecraft:paper":1,"minecraft:written_book":1},"minecraft:custom":{"lootr:looted_stat":36,"minecraft:interact_with_furnace":2,"minecraft:mob_kills":3,"minecraft:interact_with_crafting_table":3,"minecraft:leave_game":3,"minecraft:time_since_death":48236,"minecraft:sleep_in_bed":1,"minecraft:damage_resisted":0,"minecraft:climb_one_cm":511,"minecraft:time_since_rest":17261,"minecraft:waystone_activated":1,"minecraft:sprint_one_cm":73466,"minecraft:damage_taken":246,"minecraft:walk_one_cm":89261,"minecraft:drop":8,"minecraft:damage_dealt":575,"minecraft:talked_to_villager":1,"minecraft:fly_one_cm":114549,"minecraft:player_kills":1,"minecraft:crouch_one_cm":3079,"tombstone:undead_killed":1,"minecraft:play_time":48236,"minecraft:sneak_time":813,"minecraft:walk_under_water_one_cm":134,"minecraft:interact_with_lectern":4,"minecraft:jump":630,"minecraft:walk_on_water_one_cm":770,"minecraft:total_world_time":48236,"minecraft:fall_one_cm":23662},"minecraft:used":{"minecraft:stone_sword":23,"create:scorchia":1,"minecraft:stone_pickaxe":31,"minecraft:wooden_pickaxe":7,"minecraft:torch":10,"minecraft:dirt":1,"minecraft:crafting_table":2,"minecraft:carrot":5,"minecraft:bread":3,"minecraft:lectern":1,"minecraft:stone_axe":16,"minecraft:written_book":1,"minecraft:andesite":9,"minecraft:acacia_planks":3},"minecraft:killed":{"minecraft:skeleton":1,"minecraft:cow":2},"minecraft:mined":{"iceandfire:copper_pile":2,"minecraft:crafting_table":2,"minecraft:blast_furnace":2,"minecraft:acacia_log":9,"minecraft:grass_block":1,"minecraft:jungle_log":2,"minecraft:lectern":1,"iceandfire:lectern":1,"minecraft:cobblestone":6,"supplementaries:urn":4,"minecraft:carrots":1,"create:scorchia":1,"minecraft:andesite":9,"minecraft:anvil":1,"minecraft:bookshelf":13,"minecraft:coal_ore":4,"iceandfire:silver_pile":6,"iceandfire:gold_pile":6,"minecraft:green_bed":1},"minecraft:picked_up":{"minecraft:crafting_table":2,"minecraft:iron_chestplate":1,"minecraft:wheat":1,"minecraft:anvil":1,"minecraft:jungle_log":2,"minecraft:andesite":9,"minecraft:leather":3,"minecraft:potato":2,"supplementaries:flax_seeds":4,"minecraft:dirt":1,"minecraft:iron_leggings":1,"create:scorchia":1,"minecraft:wheat_seeds":2,"minecraft:gold_nugget":16,"minecraft:beef":4,"minecraft:iron_ingot":2,"minecraft:written_book":2,"minecraft:lectern":1,"minecraft:book":39,"iceandfire:copper_nugget":2,"minecraft:jungle_door":1,"minecraft:green_bed":1,"minecraft:acacia_log":9,"minecraft:blast_furnace":2,"minecraft:carrot":32,"iceandfire:lectern":1,"minecraft:emerald":5,"iceandfire:silver_nugget":20,"minecraft:coal":4,"minecraft:cobblestone":6},"minecraft:crafted":{"minecraft:wooden_pickaxe":1,"minecraft:stone_axe":1,"minecraft:air":56,"minecraft:jungle_planks":8,"minecraft:stick":9,"minecraft:stone_pickaxe":1,"minecraft:acacia_planks":9,"minecraft:torch":4}},"DataVersion":3465}