{"stats":{"minecraft:custom":{"minecraft:jump":242,"minecraft:time_since_rest":17863,"minecraft:damage_dealt":175,"minecraft:leave_game":2,"minecraft:sprint_one_cm":10919,"minecraft:play_time":17863,"minecraft:damage_taken":95,"minecraft:time_since_death":17863,"minecraft:walk_one_cm":43281,"minecraft:total_world_time":17863,"minecraft:interact_with_lectern":2,"minecraft:fall_one_cm":8406,"minecraft:fly_one_cm":26374,"minecraft:player_kills":1},"minecraft:used":{"minecraft:bread":2,"minecraft:stone_sword":7,"minecraft:dirt":1},"minecraft:mined":{"minecraft:grass_block":1},"minecraft:picked_up":{"minecraft:dirt":1}},"DataVersion":3465}