{"stats":{"minecraft:dropped":{"minecraft:iron_ingot":2,"minecraft:yellow_dye":1,"minecraft:iron_chestplate":1,"minecraft:iron_leggings":1,"minecraft:paper":1,"minecraft:written_book":1,"minecraft:stick":2},"minecraft:custom":{"minecraft:time_since_rest":10888,"minecraft:waystone_activated":1,"minecraft:interact_with_furnace":2,"lootr:looted_stat":34,"minecraft:sprint_one_cm":46705,"minecraft:damage_taken":105,"minecraft:walk_one_cm":76718,"minecraft:mob_kills":2,"minecraft:drop":8,"minecraft:damage_dealt":375,"minecraft:interact_with_crafting_table":3,"minecraft:fly_one_cm":55958,"minecraft:player_kills":1,"minecraft:crouch_one_cm":636,"minecraft:play_time":41863,"minecraft:sneak_time":268,"minecraft:interact_with_lectern":4,"minecraft:jump":423,"minecraft:leave_game":2,"minecraft:time_since_death":41863,"minecraft:sleep_in_bed":1,"minecraft:total_world_time":41863,"minecraft:fall_one_cm":14074},"minecraft:used":{"minecraft:stone_sword":12,"minecraft:bread":3,"minecraft:stone_pickaxe":17,"minecraft:lectern":1,"minecraft:wooden_pickaxe":7,"minecraft:stone_axe":7,"minecraft:dirt":1,"minecraft:written_book":1,"minecraft:crafting_table":2},"minecraft:killed":{"minecraft:cow":2},"minecraft:mined":{"minecraft:carrots":1,"iceandfire:copper_pile":2,"minecraft:anvil":1,"minecraft:crafting_table":2,"minecraft:blast_furnace":2,"minecraft:bookshelf":13,"minecraft:grass_block":1,"iceandfire:silver_pile":6,"iceandfire:gold_pile":6,"minecraft:jungle_log":2,"iceandfire:lectern":1,"minecraft:lectern":1,"minecraft:cobblestone":6,"minecraft:green_bed":1},"minecraft:picked_up":{"minecraft:book":39,"minecraft:iron_chestplate":1,"iceandfire:copper_nugget":2,"minecraft:wheat":1,"minecraft:crafting_table":2,"minecraft:jungle_door":1,"minecraft:anvil":1,"minecraft:jungle_log":2,"minecraft:leather":3,"minecraft:green_bed":1,"minecraft:potato":2,"minecraft:blast_furnace":2,"minecraft:carrot":32,"minecraft:dirt":1,"minecraft:iron_leggings":1,"iceandfire:lectern":1,"minecraft:gold_nugget":16,"minecraft:wheat_seeds":2,"minecraft:iron_ingot":2,"minecraft:beef":4,"minecraft:written_book":2,"minecraft:lectern":1,"iceandfire:silver_nugget":20,"minecraft:cobblestone":6},"minecraft:crafted":{"minecraft:stick":8,"minecraft:wooden_pickaxe":1,"minecraft:stone_pickaxe":1,"minecraft:stone_axe":1,"minecraft:jungle_planks":8}},"DataVersion":3465}