{"stats":{"minecraft:dropped":{"minecraft:written_book":1},"minecraft:custom":{"minecraft:time_since_rest":29863,"minecraft:crouch_one_cm":4,"minecraft:play_time":29863,"minecraft:sprint_one_cm":15371,"minecraft:damage_taken":105,"minecraft:walk_one_cm":52972,"minecraft:sneak_time":13,"minecraft:drop":1,"minecraft:interact_with_lectern":4,"minecraft:jump":317,"minecraft:damage_dealt":175,"minecraft:leave_game":2,"minecraft:time_since_death":29863,"minecraft:total_world_time":29863,"minecraft:player_kills":1,"minecraft:fall_one_cm":11599,"minecraft:fly_one_cm":34290},"minecraft:used":{"minecraft:dirt":1,"minecraft:stone_sword":7,"minecraft:written_book":1,"minecraft:bread":2,"minecraft:lectern":1},"minecraft:mined":{"minecraft:grass_block":1,"minecraft:lectern":1},"minecraft:picked_up":{"minecraft:written_book":2,"minecraft:lectern":1,"minecraft:dirt":1}},"DataVersion":3465}