{"stats":{"minecraft:picked_up":{"minecraft:dirt":1},"minecraft:mined":{"minecraft:grass_block":1},"minecraft:custom":{"minecraft:jump":205,"minecraft:time_since_rest":13604,"minecraft:damage_dealt":175,"minecraft:sprint_one_cm":8147,"minecraft:leave_game":2,"minecraft:play_time":13604,"minecraft:damage_taken":95,"minecraft:time_since_death":13604,"minecraft:walk_one_cm":41349,"minecraft:total_world_time":13604,"minecraft:player_kills":1,"minecraft:interact_with_lectern":2,"minecraft:fall_one_cm":6943,"minecraft:fly_one_cm":22247},"minecraft:used":{"minecraft:bread":2,"minecraft:stone_sword":7,"minecraft:dirt":1}},"DataVersion":3465}