{"stats":{"minecraft:custom":{"minecraft:jump":17,"minecraft:time_since_rest":40529,"minecraft:crouch_one_cm":111,"minecraft:sprint_one_cm":3706,"minecraft:play_time":40529,"minecraft:damage_taken":20,"minecraft:time_since_death":40529,"minecraft:walk_one_cm":26555,"minecraft:sneak_time":216,"minecraft:total_world_time":40529,"minecraft:fall_one_cm":927,"minecraft:fly_one_cm":12184},"minecraft:used":{"chisel_chipped_integration:laboratory_left_faced_arrows":8,"realmrpg_skeletons:bow_skeleton":2,"handcrafted:skeleton_trophy":1,"chisel_chipped_integration:factory_yellow_black_caution_stripes":8,"torchmaster:megatorch":1,"realmrpg_skeletons:chorus_tangled_skeleton":1,"chisel_chipped_integration:laboratory_right_faced_arrows":15,"irons_spellbooks:pedestal":4,"chisel_chipped_integration:technical_transparent_fan":1,"handcrafted:creeper_trophy":1,"realmrpg_skeletons:rookie_skeleton":3,"dustrial_decor:redstone_lantern":1}},"DataVersion":3465}