{"stats":{"minecraft:custom":{"minecraft:time_since_rest":88004,"lootr:looted_stat":7,"minecraft:crouch_one_cm":111,"minecraft:play_time":88004,"minecraft:sprint_one_cm":16526,"minecraft:damage_taken":20,"minecraft:walk_one_cm":50748,"minecraft:sneak_time":216,"minecraft:drop":1,"minecraft:jump":70,"minecraft:damage_dealt":52,"minecraft:time_since_death":88004,"minecraft:total_world_time":88004,"minecraft:interact_with_crafting_table":1,"minecraft:fall_one_cm":1136,"minecraft:fly_one_cm":17416},"minecraft:dropped":{"iceandfire:manuscript":1},"minecraft:crafted":{"minecraft:crafting_table":1,"ars_nouveau:archwood_planks":10,"minecraft:stick":2,"minecraft:wooden_pickaxe":1,"minecraft:air":49,"minecraft:wooden_axe":1},"minecraft:used":{"handcrafted:skeleton_trophy":1,"minecraft:wooden_axe":2,"chisel_chipped_integration:factory_yellow_black_caution_stripes":8,"chisel_chipped_integration:laboratory_right_faced_arrows":15,"realmrpg_skeletons:chorus_tangled_skeleton":1,"minecraft:crafting_table":1,"dustrial_decor:redstone_lantern":1,"chisel_chipped_integration:laboratory_left_faced_arrows":8,"realmrpg_skeletons:bow_skeleton":2,"torchmaster:megatorch":1,"handcrafted:creeper_trophy":1,"chisel_chipped_integration:technical_transparent_fan":1,"irons_spellbooks:pedestal":4,"realmrpg_skeletons:rookie_skeleton":3},"minecraft:picked_up":{"minecraft:crafting_table":1,"minecraft:arrow":2,"ars_elemental:yellow_archwood_log":10},"minecraft:mined":{"minecraft:grass":2,"ars_elemental:yellow_archwood_log":10,"minecraft:crafting_table":1}},"DataVersion":3465}