{"stats":{"minecraft:picked_up":{"minecraft:crafting_table":1,"ars_elemental:yellow_archwood_log":10,"minecraft:paper":1,"minecraft:arrow":2,"minecraft:diamond":2,"minecraft:iron_sword":1,"minecraft:obsidian":7},"minecraft:dropped":{"minecraft:iron_sword":1,"minecraft:diamond":2,"minecraft:iron_chestplate":1,"minecraft:obsidian":7,"irons_spellbooks:rotten_spell_book":1,"minecraft:iron_pickaxe":1,"iceandfire:manuscript":1},"minecraft:used":{"minecraft:wooden_axe":2,"handcrafted:skeleton_trophy":1,"chisel_chipped_integration:factory_yellow_black_caution_stripes":8,"chalk:light_gray_chalk":7,"realmrpg_skeletons:chorus_tangled_skeleton":1,"chisel_chipped_integration:laboratory_right_faced_arrows":15,"minecraft:bread":1,"chisel_chipped_integration:laboratory_left_faced_arrows":8,"chalk:yellow_chalk":14,"minecraft:crafting_table":1,"dustrial_decor:redstone_lantern":1,"realmrpg_skeletons:bow_skeleton":2,"torchmaster:megatorch":1,"chisel_chipped_integration:technical_transparent_fan":1,"handcrafted:creeper_trophy":1,"irons_spellbooks:pedestal":4,"realmrpg_skeletons:rookie_skeleton":3},"minecraft:crafted":{"ars_nouveau:archwood_planks":10,"minecraft:crafting_table":1,"minecraft:stick":2,"minecraft:wooden_pickaxe":1,"minecraft:wooden_axe":1,"minecraft:bread":14,"minecraft:air":49},"minecraft:mined":{"minecraft:crafting_table":1,"minecraft:grass":2,"ars_elemental:yellow_archwood_log":10},"minecraft:custom":{"minecraft:time_since_rest":47555,"minecraft:waystone_activated":1,"minecraft:interact_with_furnace":1,"lootr:looted_stat":31,"minecraft:sprint_one_cm":32411,"minecraft:damage_taken":20,"minecraft:walk_one_cm":106890,"minecraft:drop":7,"minecraft:damage_dealt":52,"minecraft:interact_with_crafting_table":6,"minecraft:talked_to_villager":4,"minecraft:fly_one_cm":22022,"minecraft:crouch_one_cm":202,"minecraft:play_time":140763,"minecraft:sneak_time":462,"minecraft:jump":103,"minecraft:leave_game":4,"minecraft:time_since_death":140763,"minecraft:sleep_in_bed":1,"minecraft:total_world_time":140763,"minecraft:climb_one_cm":1433,"minecraft:fall_one_cm":1136}},"DataVersion":3465}