{"stats":{"minecraft:picked_up":{"minecraft:fishing_rod":1,"knighys_additions:lightning_ball":1,"minecraft:crafting_table":3,"minecraft:iron_chestplate":1,"irons_spellbooks:rotten_spell_book":1,"minecraft:jungle_log":8,"minecraft:salmon":6,"minecraft:jungle_wood":1,"minecraft:wooden_pickaxe":1,"minecraft:potion":1,"kubejs:rotation_mechanism":36,"minecraft:golden_boots":1,"iceandfire:manuscript":1,"minecraft:string":11,"minecraft:dirt":57,"minecraft:lantern":1,"minecraft:raw_copper":25,"minecraft:leather_boots":1,"minecraft:pufferfish":3,"minecraft:bone":4,"numismatics:spur":10,"minecraft:beetroot":1,"minecraft:stonecutter":1,"minecraft:wheat_seeds":2,"comforts:sleeping_bag_white":1,"minecraft:beef":2,"minecraft:iron_pickaxe":1,"minecraft:bamboo":75,"minecraft:sugar_cane":1,"minecraft:iron_sword":1,"minecraft:furnace":1,"minecraft:golden_helmet":1,"minecraft:stick":2,"minecraft:carrot":1,"ars_elemental:yellow_archwood_log":4,"minecraft:stripped_jungle_log":1,"minecraft:rotten_flesh":11,"minecraft:tropical_fish":10,"minecraft:diamond":2,"minecraft:beetroot_seeds":3,"iceandfire:lectern":2,"minecraft:bone_meal":1,"minecraft:end_rod":4,"minecraft:oak_sapling":1,"minecraft:obsidian":7,"minecraft:coal":28,"minecraft:cod":7,"minecraft:white_wool":3,"alexsmobs:flying_fish":1,"minecraft:cobblestone":23},"minecraft:dropped":{"simplyswords:gold_greathammer":1,"minecraft:iron_sword":1,"minecraft:sugar_cane":1,"minecraft:diamond":2,"minecraft:obsidian":7,"minecraft:beetroot":1,"kubejs:rotation_mechanism":1,"minecraft:stripped_jungle_log":1,"minecraft:tropical_fish":4,"minecraft:beetroot_seeds":2,"minecraft:wooden_pickaxe":1,"minecraft:string":6,"numismatics:spur":10},"minecraft:killed_by":{"minecraft:husk":4,"minecraft:player":1},"minecraft:used":{"iceandfire:lectern":1,"minecraft:end_rod":4,"minecraft:stone_sword":3,"minecraft:stone_shovel":61,"minecraft:stone_pickaxe":47,"minecraft:wooden_pickaxe":17,"simplyswords:diamond_halberd":81,"minecraft:iron_chestplate":1,"minecraft:dirt":48,"minecraft:crafting_table":2,"alexsmobs:flying_fish":1,"chalk:gray_chalk":17,"createaddition:chocolate_cake":1,"minecraft:lantern":1,"minecraft:bread":30,"minecraft:string":1,"minecraft:fishing_rod":26,"chalk:light_blue_chalk":8,"minecraft:beetroot_seeds":1,"comforts:sleeping_bag_white":1,"minecraft:cobweb":7},"minecraft:broken":{"minecraft:golden_helmet":1,"minecraft:golden_boots":1},"minecraft:crafted":{"sophisticatedbackpacks:backpack":1,"ars_nouveau:archwood_planks":4,"minecraft:crafting_table":1,"comforts:sleeping_bag_white":1,"minecraft:wooden_pickaxe":1,"quark:jungle_chest":2,"forbidden_arcanus:rotten_leather":4,"sophisticatedbackpacks:crafting_upgrade":1,"minecraft:bread":18,"minecraft:air":85,"minecraft:jungle_planks":8,"minecraft:stick":9,"minecraft:stone_pickaxe":1},"minecraft:mined":{"minecraft:jungle_leaves":3,"minecraft:crafting_table":3,"minecraft:jungle_stairs":1,"minecraft:grass_block":60,"minecraft:jungle_log":8,"iceandfire:lectern":2,"minecraft:copper_ore":8,"minecraft:tall_grass":10,"ars_elemental:yellow_archwood_log":4,"minecraft:jungle_wood":1,"minecraft:furnace":1,"born_in_chaos_v1:river_mint":1,"minecraft:grass":11,"minecraft:coal_ore":28,"minecraft:end_rod":3,"minecraft:cobweb":7,"minecraft:oak_leaves":1,"minecraft:bamboo":6,"minecraft:stonecutter":1,"minecraft:stone":24,"minecraft:fern":3,"minecraft:white_wool":3,"minecraft:tripwire":1},"minecraft:custom":{"lootr:looted_stat":46,"minecraft:interact_with_furnace":3,"minecraft:missions_rerolled":1,"minecraft:mob_kills":26,"minecraft:interact_with_crafting_table":14,"minecraft:interact_with_grindstone":1,"minecraft:damage_dealt_resisted":0,"minecraft:eat_cake_slice":5,"minecraft:leave_game":5,"minecraft:time_since_death":14282,"minecraft:sleep_in_bed":3,"minecraft:climb_one_cm":3803,"minecraft:time_since_rest":14312,"minecraft:waystone_activated":2,"minecraft:sprint_one_cm":350227,"minecraft:damage_taken":2448,"minecraft:walk_one_cm":304746,"minecraft:drop":20,"minecraft:damage_dealt":5293,"minecraft:swim_one_cm":35295,"minecraft:talked_to_villager":13,"minecraft:fly_one_cm":418275,"minecraft:crouch_one_cm":3151,"minecraft:play_time":194876,"tombstone:undead_killed":12,"minecraft:deaths":5,"minecraft:sneak_time":1268,"minecraft:walk_under_water_one_cm":11105,"minecraft:interact_with_lectern":3,"minecraft:jump":1861,"minecraft:walk_on_water_one_cm":7830,"minecraft:total_world_time":194876,"minecraft:fish_caught":16,"minecraft:fall_one_cm":44958},"minecraft:killed":{"minecraft:husk":3,"born_in_chaos_v1:baby_skeleton":3,"minecraft:spider":3,"minecraft:bat":2,"knighys_additions:spook":1,"born_in_chaos_v1:zombie_bruiser":1,"creeperoverhaul:bamboo_creeper":1,"minecraft:skeleton":1,"minecraft:zombie":4,"minecraft:tropical_fish":6,"minecraft:cow":1}},"DataVersion":3465}