{"stats":{"minecraft:killed_by":{"minecraft:player":1},"minecraft:custom":{"lootr:looted_stat":42,"minecraft:interact_with_furnace":3,"minecraft:missions_rerolled":1,"minecraft:mob_kills":9,"minecraft:interact_with_crafting_table":13,"minecraft:damage_dealt_resisted":0,"minecraft:eat_cake_slice":2,"minecraft:interact_with_grindstone":1,"minecraft:leave_game":3,"minecraft:time_since_death":104627,"minecraft:sleep_in_bed":2,"minecraft:climb_one_cm":3014,"minecraft:time_since_rest":11451,"minecraft:waystone_activated":1,"minecraft:sprint_one_cm":194024,"minecraft:damage_taken":360,"minecraft:walk_one_cm":205671,"minecraft:drop":17,"minecraft:damage_dealt":665,"minecraft:swim_one_cm":2945,"minecraft:talked_to_villager":11,"minecraft:fly_one_cm":228297,"minecraft:crouch_one_cm":1489,"minecraft:play_time":137587,"tombstone:undead_killed":2,"minecraft:deaths":1,"minecraft:sneak_time":909,"minecraft:walk_under_water_one_cm":3531,"minecraft:interact_with_lectern":3,"minecraft:jump":994,"minecraft:walk_on_water_one_cm":2160,"minecraft:total_world_time":137587,"minecraft:fall_one_cm":29524},"minecraft:dropped":{"simplyswords:gold_greathammer":1,"minecraft:iron_sword":1,"minecraft:sugar_cane":1,"minecraft:diamond":2,"minecraft:obsidian":7,"minecraft:beetroot":1,"kubejs:rotation_mechanism":1,"minecraft:stripped_jungle_log":1,"minecraft:tropical_fish":4,"minecraft:beetroot_seeds":2,"minecraft:wooden_pickaxe":1,"numismatics:spur":10},"minecraft:crafted":{"sophisticatedbackpacks:backpack":1,"ars_nouveau:archwood_planks":4,"minecraft:crafting_table":1,"comforts:sleeping_bag_white":1,"minecraft:wooden_pickaxe":1,"quark:jungle_chest":2,"forbidden_arcanus:rotten_leather":4,"sophisticatedbackpacks:crafting_upgrade":1,"minecraft:bread":18,"minecraft:air":37,"minecraft:jungle_planks":4,"minecraft:stick":1,"minecraft:stone_pickaxe":1},"minecraft:used":{"iceandfire:lectern":1,"minecraft:end_rod":4,"minecraft:stone_sword":3,"minecraft:stone_pickaxe":29,"minecraft:wooden_pickaxe":17,"simplyswords:diamond_halberd":20,"minecraft:iron_chestplate":1,"minecraft:dirt":1,"minecraft:crafting_table":2,"chalk:gray_chalk":17,"createaddition:chocolate_cake":1,"minecraft:lantern":1,"minecraft:bread":11,"minecraft:string":1,"chalk:light_blue_chalk":8,"minecraft:beetroot_seeds":1,"minecraft:cobweb":7},"minecraft:killed":{"born_in_chaos_v1:baby_skeleton":1,"minecraft:zombie":1,"minecraft:tropical_fish":6,"minecraft:cow":1},"minecraft:picked_up":{"minecraft:crafting_table":3,"minecraft:iron_chestplate":1,"irons_spellbooks:rotten_spell_book":1,"minecraft:jungle_log":4,"minecraft:wooden_pickaxe":1,"kubejs:rotation_mechanism":4,"minecraft:golden_boots":1,"iceandfire:manuscript":1,"minecraft:dirt":1,"minecraft:string":8,"minecraft:lantern":1,"minecraft:raw_copper":25,"minecraft:bone":1,"numismatics:spur":10,"minecraft:beetroot":1,"minecraft:stonecutter":1,"minecraft:wheat_seeds":1,"minecraft:beef":2,"minecraft:iron_pickaxe":1,"minecraft:sugar_cane":1,"minecraft:iron_sword":1,"minecraft:golden_helmet":1,"ars_elemental:yellow_archwood_log":4,"minecraft:stripped_jungle_log":1,"minecraft:tropical_fish":10,"minecraft:diamond":2,"minecraft:beetroot_seeds":3,"iceandfire:lectern":2,"minecraft:bone_meal":1,"minecraft:end_rod":4,"minecraft:obsidian":7,"minecraft:coal":11,"minecraft:white_wool":3,"minecraft:cobblestone":23},"minecraft:mined":{"minecraft:crafting_table":3,"minecraft:jungle_stairs":1,"minecraft:grass_block":1,"minecraft:jungle_log":4,"iceandfire:lectern":2,"minecraft:tall_grass":10,"minecraft:copper_ore":8,"ars_elemental:yellow_archwood_log":4,"born_in_chaos_v1:river_mint":1,"minecraft:grass":8,"minecraft:coal_ore":11,"minecraft:end_rod":3,"minecraft:cobweb":7,"minecraft:stonecutter":1,"minecraft:stone":24,"minecraft:white_wool":3,"minecraft:tripwire":1}},"DataVersion":3465}