{"stats":{"minecraft:killed_by":{"minecraft:player":1},"minecraft:custom":{"lootr:looted_stat":45,"minecraft:interact_with_furnace":3,"minecraft:missions_rerolled":1,"minecraft:mob_kills":9,"minecraft:interact_with_crafting_table":14,"minecraft:damage_dealt_resisted":0,"minecraft:eat_cake_slice":5,"minecraft:interact_with_grindstone":1,"minecraft:leave_game":4,"minecraft:time_since_death":126391,"minecraft:sleep_in_bed":2,"minecraft:climb_one_cm":3014,"minecraft:time_since_rest":33215,"minecraft:waystone_activated":1,"minecraft:sprint_one_cm":267723,"minecraft:damage_taken":436,"minecraft:walk_one_cm":232006,"minecraft:drop":17,"minecraft:damage_dealt":765,"minecraft:swim_one_cm":25225,"minecraft:talked_to_villager":13,"minecraft:fly_one_cm":309342,"minecraft:crouch_one_cm":1508,"minecraft:play_time":159351,"tombstone:undead_killed":2,"minecraft:deaths":1,"minecraft:sneak_time":934,"minecraft:walk_under_water_one_cm":6816,"minecraft:interact_with_lectern":3,"minecraft:jump":1276,"minecraft:walk_on_water_one_cm":5109,"minecraft:total_world_time":159351,"minecraft:fish_caught":15,"minecraft:fall_one_cm":33810},"minecraft:dropped":{"simplyswords:gold_greathammer":1,"minecraft:iron_sword":1,"minecraft:sugar_cane":1,"minecraft:diamond":2,"minecraft:obsidian":7,"minecraft:beetroot":1,"kubejs:rotation_mechanism":1,"minecraft:stripped_jungle_log":1,"minecraft:tropical_fish":4,"minecraft:beetroot_seeds":2,"minecraft:wooden_pickaxe":1,"numismatics:spur":10},"minecraft:crafted":{"sophisticatedbackpacks:backpack":1,"ars_nouveau:archwood_planks":4,"minecraft:crafting_table":1,"comforts:sleeping_bag_white":1,"minecraft:wooden_pickaxe":1,"quark:jungle_chest":2,"forbidden_arcanus:rotten_leather":4,"sophisticatedbackpacks:crafting_upgrade":1,"minecraft:bread":18,"minecraft:air":37,"minecraft:jungle_planks":4,"minecraft:stick":1,"minecraft:stone_pickaxe":1},"minecraft:used":{"iceandfire:lectern":1,"minecraft:end_rod":4,"minecraft:stone_sword":3,"minecraft:stone_pickaxe":30,"minecraft:wooden_pickaxe":17,"simplyswords:diamond_halberd":21,"minecraft:iron_chestplate":1,"minecraft:dirt":1,"minecraft:crafting_table":2,"alexsmobs:flying_fish":1,"chalk:gray_chalk":17,"createaddition:chocolate_cake":1,"minecraft:lantern":1,"minecraft:bread":14,"minecraft:string":1,"minecraft:fishing_rod":21,"chalk:light_blue_chalk":8,"minecraft:beetroot_seeds":1,"minecraft:cobweb":7},"minecraft:killed":{"born_in_chaos_v1:baby_skeleton":1,"minecraft:zombie":1,"minecraft:tropical_fish":6,"minecraft:cow":1},"minecraft:picked_up":{"minecraft:fishing_rod":1,"minecraft:crafting_table":3,"minecraft:iron_chestplate":1,"irons_spellbooks:rotten_spell_book":1,"minecraft:salmon":6,"minecraft:jungle_log":4,"minecraft:wooden_pickaxe":1,"minecraft:potion":1,"kubejs:rotation_mechanism":4,"minecraft:golden_boots":1,"iceandfire:manuscript":1,"minecraft:dirt":1,"minecraft:string":8,"minecraft:lantern":1,"minecraft:raw_copper":25,"minecraft:leather_boots":1,"minecraft:pufferfish":2,"minecraft:bone":2,"numismatics:spur":10,"minecraft:beetroot":1,"minecraft:stonecutter":1,"minecraft:wheat_seeds":2,"minecraft:beef":2,"minecraft:iron_pickaxe":1,"minecraft:sugar_cane":1,"minecraft:iron_sword":1,"minecraft:furnace":1,"minecraft:golden_helmet":1,"ars_elemental:yellow_archwood_log":4,"minecraft:stripped_jungle_log":1,"minecraft:rotten_flesh":1,"minecraft:tropical_fish":10,"minecraft:diamond":2,"minecraft:beetroot_seeds":3,"iceandfire:lectern":2,"minecraft:bone_meal":1,"minecraft:end_rod":4,"alexsmobs:flying_fish":1,"minecraft:cod":7,"minecraft:obsidian":7,"minecraft:coal":11,"minecraft:white_wool":3,"minecraft:cobblestone":23},"minecraft:mined":{"minecraft:crafting_table":3,"minecraft:jungle_stairs":1,"minecraft:grass_block":1,"minecraft:jungle_log":4,"iceandfire:lectern":2,"minecraft:tall_grass":10,"minecraft:copper_ore":8,"ars_elemental:yellow_archwood_log":4,"minecraft:furnace":1,"born_in_chaos_v1:river_mint":1,"minecraft:grass":8,"minecraft:coal_ore":11,"minecraft:end_rod":3,"minecraft:cobweb":7,"minecraft:stonecutter":1,"minecraft:stone":24,"minecraft:white_wool":3,"minecraft:tripwire":1}},"DataVersion":3465}