{"stats":{"minecraft:killed_by":{"minecraft:player":1},"minecraft:custom":{"minecraft:time_since_rest":56658,"minecraft:crouch_one_cm":997,"minecraft:play_time":89587,"minecraft:sprint_one_cm":65378,"minecraft:deaths":1,"minecraft:damage_taken":185,"minecraft:walk_one_cm":85306,"minecraft:sneak_time":315,"minecraft:interact_with_lectern":3,"minecraft:jump":547,"minecraft:damage_dealt":85,"minecraft:leave_game":3,"minecraft:time_since_death":56627,"minecraft:total_world_time":89587,"minecraft:fall_one_cm":18626,"minecraft:fly_one_cm":119072},"minecraft:used":{"minecraft:end_rod":4,"minecraft:dirt":1,"minecraft:stone_sword":1,"minecraft:bread":4},"minecraft:picked_up":{"minecraft:end_rod":4,"minecraft:dirt":1},"minecraft:mined":{"minecraft:grass":5,"minecraft:grass_block":1,"minecraft:end_rod":3,"minecraft:tall_grass":8}},"DataVersion":3465}