{"stats":{"minecraft:killed_by":{"minecraft:player":1},"minecraft:custom":{"minecraft:time_since_rest":6796,"minecraft:waystone_activated":1,"lootr:looted_stat":33,"minecraft:sprint_one_cm":119517,"minecraft:damage_taken":237,"minecraft:walk_one_cm":147204,"minecraft:missions_rerolled":1,"minecraft:mob_kills":1,"minecraft:drop":5,"minecraft:damage_dealt":185,"minecraft:talked_to_villager":1,"minecraft:interact_with_crafting_table":5,"minecraft:fly_one_cm":162116,"minecraft:crouch_one_cm":1087,"minecraft:play_time":113587,"minecraft:deaths":1,"minecraft:sneak_time":688,"minecraft:interact_with_lectern":3,"minecraft:jump":740,"minecraft:interact_with_grindstone":1,"minecraft:leave_game":3,"minecraft:sleep_in_bed":1,"minecraft:time_since_death":80627,"minecraft:climb_one_cm":2394,"minecraft:total_world_time":113587,"minecraft:fall_one_cm":24563},"minecraft:dropped":{"minecraft:iron_sword":1,"minecraft:sugar_cane":1,"minecraft:diamond":2,"minecraft:obsidian":7},"minecraft:crafted":{"ars_nouveau:archwood_planks":4,"minecraft:crafting_table":1,"minecraft:stick":1,"minecraft:wooden_pickaxe":1,"minecraft:stone_pickaxe":1,"minecraft:bread":18,"minecraft:air":21},"minecraft:used":{"minecraft:end_rod":4,"chalk:gray_chalk":17,"minecraft:stone_sword":3,"minecraft:bread":7,"minecraft:stone_pickaxe":29,"minecraft:wooden_pickaxe":17,"minecraft:iron_chestplate":1,"minecraft:dirt":1,"minecraft:crafting_table":2,"chalk:light_blue_chalk":6},"minecraft:killed":{"minecraft:cow":1},"minecraft:picked_up":{"minecraft:iron_chestplate":1,"minecraft:crafting_table":2,"irons_spellbooks:rotten_spell_book":1,"ars_elemental:yellow_archwood_log":4,"iceandfire:manuscript":1,"minecraft:dirt":1,"minecraft:raw_copper":25,"minecraft:diamond":2,"minecraft:stonecutter":1,"minecraft:wheat_seeds":1,"iceandfire:lectern":1,"minecraft:beef":2,"minecraft:end_rod":4,"minecraft:iron_pickaxe":1,"minecraft:sugar_cane":1,"minecraft:iron_sword":1,"minecraft:obsidian":7,"minecraft:coal":11,"minecraft:white_wool":3,"minecraft:cobblestone":23},"minecraft:mined":{"born_in_chaos_v1:river_mint":1,"minecraft:crafting_table":2,"minecraft:grass":7,"minecraft:grass_block":1,"minecraft:coal_ore":11,"minecraft:end_rod":3,"iceandfire:lectern":1,"minecraft:copper_ore":8,"minecraft:tall_grass":8,"minecraft:stonecutter":1,"minecraft:stone":24,"ars_elemental:yellow_archwood_log":4,"minecraft:white_wool":3}},"DataVersion":3465}