{"stats":{"minecraft:killed_by":{"minecraft:player":1},"minecraft:custom":{"minecraft:time_since_rest":44658,"minecraft:crouch_one_cm":165,"minecraft:play_time":77587,"minecraft:sprint_one_cm":43967,"minecraft:deaths":1,"minecraft:damage_taken":185,"minecraft:walk_one_cm":72860,"minecraft:sneak_time":162,"minecraft:interact_with_lectern":1,"minecraft:jump":436,"minecraft:damage_dealt":85,"minecraft:leave_game":3,"minecraft:time_since_death":44627,"minecraft:total_world_time":77587,"minecraft:fall_one_cm":13285,"minecraft:fly_one_cm":90780},"minecraft:used":{"minecraft:end_rod":4,"minecraft:dirt":1,"minecraft:stone_sword":1,"minecraft:bread":2},"minecraft:picked_up":{"minecraft:end_rod":4,"minecraft:dirt":1},"minecraft:mined":{"minecraft:grass_block":1,"minecraft:end_rod":3,"minecraft:tall_grass":2}},"DataVersion":3465}