{"stats":{"minecraft:used":{"minecraft:bread":2},"minecraft:custom":{"minecraft:jump":253,"minecraft:time_since_rest":26343,"minecraft:damage_dealt":10,"minecraft:crouch_one_cm":65,"minecraft:sprint_one_cm":27826,"minecraft:leave_game":2,"minecraft:play_time":26343,"minecraft:time_since_death":26343,"minecraft:walk_one_cm":39663,"minecraft:sneak_time":57,"minecraft:total_world_time":26343,"minecraft:interact_with_lectern":1,"minecraft:fall_one_cm":8478,"minecraft:fly_one_cm":56584}},"DataVersion":3465}