{"stats":{"minecraft:picked_up":{"minecraft:end_rod":1,"minecraft:dirt":1},"minecraft:mined":{"minecraft:grass_block":1,"minecraft:end_rod":1,"minecraft:tall_grass":2},"minecraft:custom":{"minecraft:time_since_rest":5042,"minecraft:crouch_one_cm":165,"minecraft:play_time":37971,"minecraft:sprint_one_cm":43967,"minecraft:deaths":1,"minecraft:damage_taken":175,"minecraft:walk_one_cm":65341,"minecraft:sneak_time":162,"minecraft:interact_with_lectern":1,"minecraft:jump":424,"minecraft:damage_dealt":85,"minecraft:leave_game":2,"minecraft:time_since_death":5011,"minecraft:total_world_time":37971,"minecraft:fall_one_cm":12867,"minecraft:fly_one_cm":90625},"minecraft:killed_by":{"minecraft:player":1},"minecraft:used":{"minecraft:end_rod":1,"minecraft:dirt":1,"minecraft:stone_sword":1,"minecraft:bread":2}},"DataVersion":3465}