{"stats":{"minecraft:killed_by":{"minecraft:player":1},"minecraft:custom":{"minecraft:time_since_rest":68658,"lootr:looted_stat":7,"minecraft:sprint_one_cm":87606,"minecraft:damage_taken":237,"minecraft:walk_one_cm":109880,"minecraft:missions_rerolled":1,"minecraft:mob_kills":1,"minecraft:damage_dealt":185,"minecraft:interact_with_crafting_table":3,"minecraft:fly_one_cm":146010,"minecraft:crouch_one_cm":1017,"minecraft:play_time":101587,"minecraft:deaths":1,"minecraft:sneak_time":449,"minecraft:interact_with_lectern":3,"minecraft:jump":673,"minecraft:leave_game":3,"minecraft:time_since_death":68627,"minecraft:climb_one_cm":834,"minecraft:total_world_time":101587,"minecraft:fall_one_cm":22887},"minecraft:crafted":{"ars_nouveau:archwood_planks":4,"minecraft:crafting_table":1,"minecraft:stick":1,"minecraft:wooden_pickaxe":1,"minecraft:stone_pickaxe":1,"minecraft:air":21},"minecraft:used":{"minecraft:end_rod":4,"minecraft:stone_sword":3,"minecraft:bread":6,"minecraft:stone_pickaxe":28,"minecraft:wooden_pickaxe":17,"minecraft:dirt":1,"minecraft:crafting_table":2},"minecraft:killed":{"minecraft:cow":1},"minecraft:picked_up":{"minecraft:crafting_table":2,"ars_elemental:yellow_archwood_log":4,"iceandfire:manuscript":1,"minecraft:dirt":1,"minecraft:raw_copper":25,"iceandfire:lectern":1,"minecraft:beef":2,"minecraft:end_rod":4,"minecraft:coal":11,"minecraft:cobblestone":23},"minecraft:mined":{"minecraft:crafting_table":2,"minecraft:grass":6,"minecraft:grass_block":1,"minecraft:coal_ore":11,"minecraft:end_rod":3,"iceandfire:lectern":1,"minecraft:copper_ore":8,"minecraft:tall_grass":8,"minecraft:stone":24,"ars_elemental:yellow_archwood_log":4}},"DataVersion":3465}