{"stats":{"minecraft:picked_up":{"minecraft:stick":2,"minecraft:wheat_seeds":5,"minecraft:dirt":1,"minecraft:moss_carpet":1},"minecraft:custom":{"minecraft:time_since_rest":3512,"minecraft:deaths":1,"minecraft:crouch_one_cm":2933,"minecraft:damage_taken":380,"minecraft:play_time":64899,"minecraft:sprint_one_cm":3358,"minecraft:walk_one_cm":64191,"minecraft:sneak_time":617,"minecraft:jump":146,"minecraft:damage_dealt":236,"minecraft:leave_game":1,"minecraft:time_since_death":3468,"minecraft:total_world_time":64899,"minecraft:fall_one_cm":5040,"minecraft:fly_one_cm":92943},"minecraft:mined":{"minecraft:grass_block":1},"minecraft:used":{"minecraft:quartz_bricks":23,"minecraft:smooth_quartz_stairs":23,"minecraft:moss_carpet":1,"knighys_additions:colostula_web":11,"knighys_additions:merchant_table":1,"minecraft:end_rod":21,"minecraft:dirt":1,"minecraft:white_carpet":13,"minecraft:crimson_stairs":4,"minecraft:grass_block":153,"chisel_chipped_integration:laboratory_left_faced_arrows":4,"quark:blossom_planks":1,"quark:hollow_warped_stem":15,"minecraft:quartz_stairs":25,"minecraft:grass":6}},"DataVersion":3465}