{"stats":{"minecraft:custom":{"minecraft:time_since_rest":6484,"minecraft:crouch_one_cm":2963,"minecraft:play_time":81592,"minecraft:sprint_one_cm":6043,"minecraft:deaths":5,"minecraft:damage_taken":380,"minecraft:walk_one_cm":77339,"minecraft:sneak_time":626,"minecraft:jump":169,"minecraft:damage_dealt":236,"minecraft:leave_game":1,"minecraft:time_since_death":6448,"minecraft:total_world_time":81592,"minecraft:fall_one_cm":5249,"minecraft:fly_one_cm":95023},"minecraft:picked_up":{"minecraft:stick":2,"minecraft:wheat_seeds":5,"illagerinvasion:primal_essence":2,"minecraft:dirt":1,"minecraft:moss_carpet":1},"minecraft:mined":{"minecraft:grass_block":1},"minecraft:used":{"minecraft:quartz_bricks":23,"minecraft:moss_carpet":1,"knighys_additions:colostula_web":11,"minecraft:smooth_quartz_stairs":23,"knighys_additions:merchant_table":1,"minecraft:end_rod":21,"minecraft:dirt":1,"minecraft:flint_and_steel":1,"minecraft:white_carpet":13,"minecraft:crimson_stairs":4,"graveyard:soul_fire_brazier":3,"minecraft:grass_block":153,"chisel_chipped_integration:laboratory_left_faced_arrows":4,"quark:blossom_planks":1,"irons_spellbooks:pedestal":2,"quark:hollow_warped_stem":15,"ecologics:flowering_azalea_sign":1,"minecraft:grass":6,"minecraft:quartz_stairs":25}},"DataVersion":3465}