{"stats":{"minecraft:mined":{"minecraft:grass_block":1},"minecraft:used":{"minecraft:quartz_bricks":23,"minecraft:moss_carpet":1,"chipped:purple_paper_lantern":2,"minecraft:end_rod":21,"minecraft:writable_book":1,"minecraft:flint_and_steel":1,"minecraft:grass_block":153,"chisel_chipped_integration:laboratory_left_faced_arrows":4,"farmersdelight:yellow_canvas_sign":3,"minecraft:quartz_block":17,"minecraft:lectern":1,"createdeco:decal_warning":4,"quark:hollow_warped_stem":15,"minecraft:quartz_stairs":25,"minecraft:grass":6,"alexscaves:hazmat_warning_block":7,"minecraft:smooth_quartz_stairs":23,"knighys_additions:colostula_web":11,"knighys_additions:merchant_table":1,"graveyard:skull_with_rib_cage":1,"minecraft:dirt":1,"minecraft:written_book":1,"minecraft:white_carpet":13,"minecraft:crimson_stairs":4,"graveyard:soul_fire_brazier":3,"quark:blossom_planks":1,"handcrafted:vindicator_trophy":5,"farmersdelight:white_canvas_sign":5,"irons_spellbooks:pedestal":2,"ecologics:flowering_azalea_sign":1},"minecraft:picked_up":{"minecraft:stick":2,"illagerinvasion:primal_essence":2,"minecraft:dirt":1,"minecraft:moss_carpet":1,"minecraft:wheat_seeds":5},"minecraft:custom":{"minecraft:time_since_rest":104032,"minecraft:sprint_one_cm":7911,"minecraft:damage_taken":380,"minecraft:walk_one_cm":91785,"minecraft:damage_dealt":407,"minecraft:fly_one_cm":96244,"minecraft:crouch_one_cm":2994,"minecraft:play_time":179140,"minecraft:deaths":5,"minecraft:sneak_time":656,"minecraft:interact_with_lectern":1,"minecraft:jump":193,"minecraft:leave_game":1,"minecraft:time_since_death":103996,"minecraft:total_world_time":179140,"minecraft:fall_one_cm":5249}},"DataVersion":3465}